"Code";"Name";"Sex";"Age";"Year";"Value";"Measure Unit";"Attribute";
0000000;"POLAND";"total";"0";"2013";360195;"person";"";
0000000;"POLAND";"total";"0";"2014";366672;"person";"";
0000000;"POLAND";"total";"0";"2015";362130;"person";"";
0000000;"POLAND";"total";"0";"2016";375349;"person";"";
0000000;"POLAND";"total";"0";"2017";394247;"person";"";
0000000;"POLAND";"total";"0";"2018";379505;"person";"";
0000000;"POLAND";"total";"0";"2019";366971;"person";"";
0000000;"POLAND";"total";"0";"2020";343611;"person";"";
0000000;"POLAND";"total";"0";"2021";328809;"person";"";
0000000;"POLAND";"total";"0";"2022";299315;"person";"";
0000000;"POLAND";"total";"0";"2023";266966;"person";"";
0000000;"POLAND";"total";"1";"2013";388703;"person";"";
0000000;"POLAND";"total";"1";"2014";369254;"person";"";
0000000;"POLAND";"total";"1";"2015";374549;"person";"";
0000000;"POLAND";"total";"1";"2016";370902;"person";"";
0000000;"POLAND";"total";"1";"2017";384056;"person";"";
0000000;"POLAND";"total";"1";"2018";403298;"person";"";
0000000;"POLAND";"total";"1";"2019";387747;"person";"";
0000000;"POLAND";"total";"1";"2020";374272;"person";"";
0000000;"POLAND";"total";"1";"2021";349581;"person";"";
0000000;"POLAND";"total";"1";"2022";334114;"person";"";
0000000;"POLAND";"total";"1";"2023";304379;"person";"";
0000000;"POLAND";"total";"2";"2013";396675;"person";"";
0000000;"POLAND";"total";"2";"2014";388928;"person";"";
0000000;"POLAND";"total";"2";"2015";369462;"person";"";
0000000;"POLAND";"total";"2";"2016";375282;"person";"";
0000000;"POLAND";"total";"2";"2017";371673;"person";"";
0000000;"POLAND";"total";"2";"2018";385034;"person";"";
0000000;"POLAND";"total";"2";"2019";404307;"person";"";
0000000;"POLAND";"total";"2";"2020";392348;"person";"";
0000000;"POLAND";"total";"2";"2021";374820;"person";"";
0000000;"POLAND";"total";"2";"2022";349957;"person";"";
0000000;"POLAND";"total";"2";"2023";334484;"person";"";
0000000;"POLAND";"total";"3";"2013";414644;"person";"";
0000000;"POLAND";"total";"3";"2014";396687;"person";"";
0000000;"POLAND";"total";"3";"2015";388944;"person";"";
0000000;"POLAND";"total";"3";"2016";369937;"person";"";
0000000;"POLAND";"total";"3";"2017";375890;"person";"";
0000000;"POLAND";"total";"3";"2018";372498;"person";"";
0000000;"POLAND";"total";"3";"2019";386131;"person";"";
0000000;"POLAND";"total";"3";"2020";410771;"person";"";
0000000;"POLAND";"total";"3";"2021";392977;"person";"";
0000000;"POLAND";"total";"3";"2022";375326;"person";"";
0000000;"POLAND";"total";"3";"2023";350399;"person";"";
0000000;"POLAND";"total";"4";"2013";433879;"person";"";
0000000;"POLAND";"total";"4";"2014";414536;"person";"";
0000000;"POLAND";"total";"4";"2015";396590;"person";"";
0000000;"POLAND";"total";"4";"2016";389253;"person";"";
0000000;"POLAND";"total";"4";"2017";370285;"person";"";
0000000;"POLAND";"total";"4";"2018";376399;"person";"";
0000000;"POLAND";"total";"4";"2019";373308;"person";"";
0000000;"POLAND";"total";"4";"2020";394893;"person";"";
0000000;"POLAND";"total";"4";"2021";411497;"person";"";
0000000;"POLAND";"total";"4";"2022";393500;"person";"";
0000000;"POLAND";"total";"4";"2023";375760;"person";"";
0000000;"POLAND";"total";"5";"2013";431875;"person";"";
0000000;"POLAND";"total";"5";"2014";433638;"person";"";
0000000;"POLAND";"total";"5";"2015";414297;"person";"";
0000000;"POLAND";"total";"5";"2016";396766;"person";"";
0000000;"POLAND";"total";"5";"2017";389532;"person";"";
0000000;"POLAND";"total";"5";"2018";370652;"person";"";
0000000;"POLAND";"total";"5";"2019";376950;"person";"";
0000000;"POLAND";"total";"5";"2020";386818;"person";"";
0000000;"POLAND";"total";"5";"2021";395549;"person";"";
0000000;"POLAND";"total";"5";"2022";412114;"person";"";
0000000;"POLAND";"total";"5";"2023";393983;"person";"";
0000000;"POLAND";"total";"6";"2013";404041;"person";"";
0000000;"POLAND";"total";"6";"2014";431591;"person";"";
0000000;"POLAND";"total";"6";"2015";433361;"person";"";
0000000;"POLAND";"total";"6";"2016";414362;"person";"";
0000000;"POLAND";"total";"6";"2017";396921;"person";"";
0000000;"POLAND";"total";"6";"2018";389884;"person";"";
0000000;"POLAND";"total";"6";"2019";371070;"person";"";
0000000;"POLAND";"total";"6";"2020";390481;"person";"";
0000000;"POLAND";"total";"6";"2021";387480;"person";"";
0000000;"POLAND";"total";"6";"2022";396218;"person";"";
0000000;"POLAND";"total";"6";"2023";412755;"person";"";
0000000;"POLAND";"total";"7";"2013";383617;"person";"";
0000000;"POLAND";"total";"7";"2014";403755;"person";"";
0000000;"POLAND";"total";"7";"2015";431309;"person";"";
0000000;"POLAND";"total";"7";"2016";433398;"person";"";
0000000;"POLAND";"total";"7";"2017";414471;"person";"";
0000000;"POLAND";"total";"7";"2018";397116;"person";"";
0000000;"POLAND";"total";"7";"2019";390222;"person";"";
0000000;"POLAND";"total";"7";"2020";383946;"person";"";
0000000;"POLAND";"total";"7";"2021";390913;"person";"";
0000000;"POLAND";"total";"7";"2022";388110;"person";"";
0000000;"POLAND";"total";"7";"2023";396886;"person";"";
0000000;"POLAND";"total";"8";"2013";369354;"person";"";
0000000;"POLAND";"total";"8";"2014";383363;"person";"";
0000000;"POLAND";"total";"8";"2015";403495;"person";"";
0000000;"POLAND";"total";"8";"2016";431277;"person";"";
0000000;"POLAND";"total";"8";"2017";433428;"person";"";
0000000;"POLAND";"total";"8";"2018";414532;"person";"";
0000000;"POLAND";"total";"8";"2019";397291;"person";"";
0000000;"POLAND";"total";"8";"2020";403501;"person";"";
0000000;"POLAND";"total";"8";"2021";384194;"person";"";
0000000;"POLAND";"total";"8";"2022";391225;"person";"";
0000000;"POLAND";"total";"8";"2023";388468;"person";"";
0000000;"POLAND";"total";"9";"2013";357584;"person";"";
0000000;"POLAND";"total";"9";"2014";369086;"person";"";
0000000;"POLAND";"total";"9";"2015";383088;"person";"";
0000000;"POLAND";"total";"9";"2016";403433;"person";"";
0000000;"POLAND";"total";"9";"2017";431258;"person";"";
0000000;"POLAND";"total";"9";"2018";433506;"person";"";
0000000;"POLAND";"total";"9";"2019";414613;"person";"";
0000000;"POLAND";"total";"9";"2020";403356;"person";"";
0000000;"POLAND";"total";"9";"2021";403727;"person";"";
0000000;"POLAND";"total";"9";"2022";384381;"person";"";
0000000;"POLAND";"total";"9";"2023";391480;"person";"";
0000000;"POLAND";"total";"10";"2013";351292;"person";"";
0000000;"POLAND";"total";"10";"2014";357334;"person";"";
0000000;"POLAND";"total";"10";"2015";368834;"person";"";
0000000;"POLAND";"total";"10";"2016";383013;"person";"";
0000000;"POLAND";"total";"10";"2017";403391;"person";"";
0000000;"POLAND";"total";"10";"2018";431229;"person";"";
0000000;"POLAND";"total";"10";"2019";433531;"person";"";
0000000;"POLAND";"total";"10";"2020";427260;"person";"";
0000000;"POLAND";"total";"10";"2021";403460;"person";"";
0000000;"POLAND";"total";"10";"2022";403875;"person";"";
0000000;"POLAND";"total";"10";"2023";384580;"person";"";
0000000;"POLAND";"total";"11";"2013";354742;"person";"";
0000000;"POLAND";"total";"11";"2014";350999;"person";"";
0000000;"POLAND";"total";"11";"2015";357040;"person";"";
0000000;"POLAND";"total";"11";"2016";368764;"person";"";
0000000;"POLAND";"total";"11";"2017";382947;"person";"";
0000000;"POLAND";"total";"11";"2018";403360;"person";"";
0000000;"POLAND";"total";"11";"2019";431234;"person";"";
0000000;"POLAND";"total";"11";"2020";431468;"person";"";
0000000;"POLAND";"total";"11";"2021";427311;"person";"";
0000000;"POLAND";"total";"11";"2022";403519;"person";"";
0000000;"POLAND";"total";"11";"2023";403998;"person";"";
0000000;"POLAND";"total";"12";"2013";367200;"person";"";
0000000;"POLAND";"total";"12";"2014";354479;"person";"";
0000000;"POLAND";"total";"12";"2015";350732;"person";"";
0000000;"POLAND";"total";"12";"2016";356956;"person";"";
0000000;"POLAND";"total";"12";"2017";368683;"person";"";
0000000;"POLAND";"total";"12";"2018";382858;"person";"";
0000000;"POLAND";"total";"12";"2019";403353;"person";"";
0000000;"POLAND";"total";"12";"2020";425641;"person";"";
0000000;"POLAND";"total";"12";"2021";431499;"person";"";
0000000;"POLAND";"total";"12";"2022";427359;"person";"";
0000000;"POLAND";"total";"12";"2023";403615;"person";"";
0000000;"POLAND";"total";"13";"2013";377259;"person";"";
0000000;"POLAND";"total";"13";"2014";366888;"person";"";
0000000;"POLAND";"total";"13";"2015";354144;"person";"";
0000000;"POLAND";"total";"13";"2016";350652;"person";"";
0000000;"POLAND";"total";"13";"2017";356881;"person";"";
0000000;"POLAND";"total";"13";"2018";368595;"person";"";
0000000;"POLAND";"total";"13";"2019";382815;"person";"";
0000000;"POLAND";"total";"13";"2020";396900;"person";"";
0000000;"POLAND";"total";"13";"2021";425617;"person";"";
0000000;"POLAND";"total";"13";"2022";431476;"person";"";
0000000;"POLAND";"total";"13";"2023";427396;"person";"";
0000000;"POLAND";"total";"14";"2013";380366;"person";"";
0000000;"POLAND";"total";"14";"2014";376941;"person";"";
0000000;"POLAND";"total";"14";"2015";366589;"person";"";
0000000;"POLAND";"total";"14";"2016";354020;"person";"";
0000000;"POLAND";"total";"14";"2017";350556;"person";"";
0000000;"POLAND";"total";"14";"2018";356776;"person";"";
0000000;"POLAND";"total";"14";"2019";368544;"person";"";
0000000;"POLAND";"total";"14";"2020";376383;"person";"";
0000000;"POLAND";"total";"14";"2021";396848;"person";"";
0000000;"POLAND";"total";"14";"2022";425555;"person";"";
0000000;"POLAND";"total";"14";"2023";431479;"person";"";
0000000;"POLAND";"total";"15";"2013";391481;"person";"";
0000000;"POLAND";"total";"15";"2014";380077;"person";"";
0000000;"POLAND";"total";"15";"2015";376618;"person";"";
0000000;"POLAND";"total";"15";"2016";366473;"person";"";
0000000;"POLAND";"total";"15";"2017";353875;"person";"";
0000000;"POLAND";"total";"15";"2018";350441;"person";"";
0000000;"POLAND";"total";"15";"2019";356691;"person";"";
0000000;"POLAND";"total";"15";"2020";362078;"person";"";
0000000;"POLAND";"total";"15";"2021";376305;"person";"";
0000000;"POLAND";"total";"15";"2022";396766;"person";"";
0000000;"POLAND";"total";"15";"2023";425511;"person";"";
0000000;"POLAND";"total";"16";"2013";407957;"person";"";
0000000;"POLAND";"total";"16";"2014";391173;"person";"";
0000000;"POLAND";"total";"16";"2015";379767;"person";"";
0000000;"POLAND";"total";"16";"2016";376448;"person";"";
0000000;"POLAND";"total";"16";"2017";366308;"person";"";
0000000;"POLAND";"total";"16";"2018";353738;"person";"";
0000000;"POLAND";"total";"16";"2019";350324;"person";"";
0000000;"POLAND";"total";"16";"2020";350213;"person";"";
0000000;"POLAND";"total";"16";"2021";361960;"person";"";
0000000;"POLAND";"total";"16";"2022";376208;"person";"";
0000000;"POLAND";"total";"16";"2023";396691;"person";"";
0000000;"POLAND";"total";"17";"2013";424498;"person";"";
0000000;"POLAND";"total";"17";"2014";407595;"person";"";
0000000;"POLAND";"total";"17";"2015";390846;"person";"";
0000000;"POLAND";"total";"17";"2016";379593;"person";"";
0000000;"POLAND";"total";"17";"2017";376250;"person";"";
0000000;"POLAND";"total";"17";"2018";366102;"person";"";
0000000;"POLAND";"total";"17";"2019";353604;"person";"";
0000000;"POLAND";"total";"17";"2020";343597;"person";"";
0000000;"POLAND";"total";"17";"2021";350094;"person";"";
0000000;"POLAND";"total";"17";"2022";361808;"person";"";
0000000;"POLAND";"total";"17";"2023";376051;"person";"";
0000000;"POLAND";"total";"18";"2013";436369;"person";"";
0000000;"POLAND";"total";"18";"2014";424070;"person";"";
0000000;"POLAND";"total";"18";"2015";407206;"person";"";
0000000;"POLAND";"total";"18";"2016";390602;"person";"";
0000000;"POLAND";"total";"18";"2017";379344;"person";"";
0000000;"POLAND";"total";"18";"2018";376015;"person";"";
0000000;"POLAND";"total";"18";"2019";365911;"person";"";
0000000;"POLAND";"total";"18";"2020";347581;"person";"";
0000000;"POLAND";"total";"18";"2021";343408;"person";"";
0000000;"POLAND";"total";"18";"2022";349857;"person";"";
0000000;"POLAND";"total";"18";"2023";361668;"person";"";
0000000;"POLAND";"total";"19";"2013";464004;"person";"";
0000000;"POLAND";"total";"19";"2014";435582;"person";"";
0000000;"POLAND";"total";"19";"2015";423279;"person";"";
0000000;"POLAND";"total";"19";"2016";406650;"person";"";
0000000;"POLAND";"total";"19";"2017";389959;"person";"";
0000000;"POLAND";"total";"19";"2018";378697;"person";"";
0000000;"POLAND";"total";"19";"2019";375390;"person";"";
0000000;"POLAND";"total";"19";"2020";359464;"person";"";
0000000;"POLAND";"total";"19";"2021";347128;"person";"";
0000000;"POLAND";"total";"19";"2022";342771;"person";"";
0000000;"POLAND";"total";"19";"2023";349175;"person";"";
0000000;"POLAND";"total";"20";"2013";483068;"person";"";
0000000;"POLAND";"total";"20";"2014";463417;"person";"";
0000000;"POLAND";"total";"20";"2015";435049;"person";"";
0000000;"POLAND";"total";"20";"2016";422957;"person";"";
0000000;"POLAND";"total";"20";"2017";406303;"person";"";
0000000;"POLAND";"total";"20";"2018";389592;"person";"";
0000000;"POLAND";"total";"20";"2019";378429;"person";"";
0000000;"POLAND";"total";"20";"2020";368940;"person";"";
0000000;"POLAND";"total";"20";"2021";359122;"person";"";
0000000;"POLAND";"total";"20";"2022";346703;"person";"";
0000000;"POLAND";"total";"20";"2023";342452;"person";"";
0000000;"POLAND";"total";"21";"2013";501682;"person";"";
0000000;"POLAND";"total";"21";"2014";482484;"person";"";
0000000;"POLAND";"total";"21";"2015";462839;"person";"";
0000000;"POLAND";"total";"21";"2016";434729;"person";"";
0000000;"POLAND";"total";"21";"2017";422656;"person";"";
0000000;"POLAND";"total";"21";"2018";405983;"person";"";
0000000;"POLAND";"total";"21";"2019";389355;"person";"";
0000000;"POLAND";"total";"21";"2020";372285;"person";"";
0000000;"POLAND";"total";"21";"2021";368658;"person";"";
0000000;"POLAND";"total";"21";"2022";358705;"person";"";
0000000;"POLAND";"total";"21";"2023";346448;"person";"";
0000000;"POLAND";"total";"22";"2013";531952;"person";"";
0000000;"POLAND";"total";"22";"2014";501134;"person";"";
0000000;"POLAND";"total";"22";"2015";481952;"person";"";
0000000;"POLAND";"total";"22";"2016";462479;"person";"";
0000000;"POLAND";"total";"22";"2017";434395;"person";"";
0000000;"POLAND";"total";"22";"2018";422354;"person";"";
0000000;"POLAND";"total";"22";"2019";405738;"person";"";
0000000;"POLAND";"total";"22";"2020";383713;"person";"";
0000000;"POLAND";"total";"22";"2021";372015;"person";"";
0000000;"POLAND";"total";"22";"2022";368295;"person";"";
0000000;"POLAND";"total";"22";"2023";358441;"person";"";
0000000;"POLAND";"total";"23";"2013";544488;"person";"";
0000000;"POLAND";"total";"23";"2014";531419;"person";"";
0000000;"POLAND";"total";"23";"2015";500621;"person";"";
0000000;"POLAND";"total";"23";"2016";481594;"person";"";
0000000;"POLAND";"total";"23";"2017";462133;"person";"";
0000000;"POLAND";"total";"23";"2018";434113;"person";"";
0000000;"POLAND";"total";"23";"2019";422099;"person";"";
0000000;"POLAND";"total";"23";"2020";400520;"person";"";
0000000;"POLAND";"total";"23";"2021";383440;"person";"";
0000000;"POLAND";"total";"23";"2022";371632;"person";"";
0000000;"POLAND";"total";"23";"2023";368010;"person";"";
0000000;"POLAND";"total";"24";"2013";549252;"person";"";
0000000;"POLAND";"total";"24";"2014";543854;"person";"";
0000000;"POLAND";"total";"24";"2015";530822;"person";"";
0000000;"POLAND";"total";"24";"2016";500242;"person";"";
0000000;"POLAND";"total";"24";"2017";481243;"person";"";
0000000;"POLAND";"total";"24";"2018";461835;"person";"";
0000000;"POLAND";"total";"24";"2019";433848;"person";"";
0000000;"POLAND";"total";"24";"2020";416971;"person";"";
0000000;"POLAND";"total";"24";"2021";400226;"person";"";
0000000;"POLAND";"total";"24";"2022";383096;"person";"";
0000000;"POLAND";"total";"24";"2023";371380;"person";"";
0000000;"POLAND";"total";"25";"2013";566374;"person";"";
0000000;"POLAND";"total";"25";"2014";548601;"person";"";
0000000;"POLAND";"total";"25";"2015";543214;"person";"";
0000000;"POLAND";"total";"25";"2016";530425;"person";"";
0000000;"POLAND";"total";"25";"2017";499895;"person";"";
0000000;"POLAND";"total";"25";"2018";480904;"person";"";
0000000;"POLAND";"total";"25";"2019";461527;"person";"";
0000000;"POLAND";"total";"25";"2020";429292;"person";"";
0000000;"POLAND";"total";"25";"2021";416661;"person";"";
0000000;"POLAND";"total";"25";"2022";399849;"person";"";
0000000;"POLAND";"total";"25";"2023";382869;"person";"";
0000000;"POLAND";"total";"26";"2013";577107;"person";"";
0000000;"POLAND";"total";"26";"2014";565720;"person";"";
0000000;"POLAND";"total";"26";"2015";547944;"person";"";
0000000;"POLAND";"total";"26";"2016";542835;"person";"";
0000000;"POLAND";"total";"26";"2017";530001;"person";"";
0000000;"POLAND";"total";"26";"2018";499594;"person";"";
0000000;"POLAND";"total";"26";"2019";480579;"person";"";
0000000;"POLAND";"total";"26";"2020";457039;"person";"";
0000000;"POLAND";"total";"26";"2021";429006;"person";"";
0000000;"POLAND";"total";"26";"2022";416335;"person";"";
0000000;"POLAND";"total";"26";"2023";399640;"person";"";
0000000;"POLAND";"total";"27";"2013";602508;"person";"";
0000000;"POLAND";"total";"27";"2014";576350;"person";"";
0000000;"POLAND";"total";"27";"2015";564978;"person";"";
0000000;"POLAND";"total";"27";"2016";547514;"person";"";
0000000;"POLAND";"total";"27";"2017";542463;"person";"";
0000000;"POLAND";"total";"27";"2018";529649;"person";"";
0000000;"POLAND";"total";"27";"2019";499288;"person";"";
0000000;"POLAND";"total";"27";"2020";476593;"person";"";
0000000;"POLAND";"total";"27";"2021";456663;"person";"";
0000000;"POLAND";"total";"27";"2022";428685;"person";"";
0000000;"POLAND";"total";"27";"2023";416141;"person";"";
0000000;"POLAND";"total";"28";"2013";637626;"person";"";
0000000;"POLAND";"total";"28";"2014";601662;"person";"";
0000000;"POLAND";"total";"28";"2015";575551;"person";"";
0000000;"POLAND";"total";"28";"2016";564495;"person";"";
0000000;"POLAND";"total";"28";"2017";547056;"person";"";
0000000;"POLAND";"total";"28";"2018";542024;"person";"";
0000000;"POLAND";"total";"28";"2019";529299;"person";"";
0000000;"POLAND";"total";"28";"2020";495894;"person";"";
0000000;"POLAND";"total";"28";"2021";476234;"person";"";
0000000;"POLAND";"total";"28";"2022";456199;"person";"";
0000000;"POLAND";"total";"28";"2023";428474;"person";"";
0000000;"POLAND";"total";"29";"2013";657703;"person";"";
0000000;"POLAND";"total";"29";"2014";636736;"person";"";
0000000;"POLAND";"total";"29";"2015";600776;"person";"";
0000000;"POLAND";"total";"29";"2016";575079;"person";"";
0000000;"POLAND";"total";"29";"2017";563999;"person";"";
0000000;"POLAND";"total";"29";"2018";546647;"person";"";
0000000;"POLAND";"total";"29";"2019";541579;"person";"";
0000000;"POLAND";"total";"29";"2020";526428;"person";"";
0000000;"POLAND";"total";"29";"2021";495468;"person";"";
0000000;"POLAND";"total";"29";"2022";475799;"person";"";
0000000;"POLAND";"total";"29";"2023";455927;"person";"";
0000000;"POLAND";"males";"0";"2013";184960;"person";"";
0000000;"POLAND";"males";"0";"2014";188626;"person";"";
0000000;"POLAND";"males";"0";"2015";185992;"person";"";
0000000;"POLAND";"males";"0";"2016";192600;"person";"";
0000000;"POLAND";"males";"0";"2017";202328;"person";"";
0000000;"POLAND";"males";"0";"2018";195290;"person";"";
0000000;"POLAND";"males";"0";"2019";188537;"person";"";
0000000;"POLAND";"males";"0";"2020";176297;"person";"";
0000000;"POLAND";"males";"0";"2021";168702;"person";"";
0000000;"POLAND";"males";"0";"2022";153387;"person";"";
0000000;"POLAND";"males";"0";"2023";136518;"person";"";
0000000;"POLAND";"males";"1";"2013";199988;"person";"";
0000000;"POLAND";"males";"1";"2014";189643;"person";"";
0000000;"POLAND";"males";"1";"2015";192578;"person";"";
0000000;"POLAND";"males";"1";"2016";190476;"person";"";
0000000;"POLAND";"males";"1";"2017";197099;"person";"";
0000000;"POLAND";"males";"1";"2018";206995;"person";"";
0000000;"POLAND";"males";"1";"2019";199555;"person";"";
0000000;"POLAND";"males";"1";"2020";192238;"person";"";
0000000;"POLAND";"males";"1";"2021";179346;"person";"";
0000000;"POLAND";"males";"1";"2022";171442;"person";"";
0000000;"POLAND";"males";"1";"2023";156022;"person";"";
0000000;"POLAND";"males";"2";"2013";204068;"person";"";
0000000;"POLAND";"males";"2";"2014";200089;"person";"";
0000000;"POLAND";"males";"2";"2015";189735;"person";"";
0000000;"POLAND";"males";"2";"2016";192956;"person";"";
0000000;"POLAND";"males";"2";"2017";190879;"person";"";
0000000;"POLAND";"males";"2";"2018";197615;"person";"";
0000000;"POLAND";"males";"2";"2019";207521;"person";"";
0000000;"POLAND";"males";"2";"2020";201930;"person";"";
0000000;"POLAND";"males";"2";"2021";192516;"person";"";
0000000;"POLAND";"males";"2";"2022";179534;"person";"";
0000000;"POLAND";"males";"2";"2023";171627;"person";"";
0000000;"POLAND";"males";"3";"2013";213090;"person";"";
0000000;"POLAND";"males";"3";"2014";204087;"person";"";
0000000;"POLAND";"males";"3";"2015";200101;"person";"";
0000000;"POLAND";"males";"3";"2016";189960;"person";"";
0000000;"POLAND";"males";"3";"2017";193247;"person";"";
0000000;"POLAND";"males";"3";"2018";191319;"person";"";
0000000;"POLAND";"males";"3";"2019";198183;"person";"";
0000000;"POLAND";"males";"3";"2020";210866;"person";"";
0000000;"POLAND";"males";"3";"2021";202258;"person";"";
0000000;"POLAND";"males";"3";"2022";192769;"person";"";
0000000;"POLAND";"males";"3";"2023";179748;"person";"";
0000000;"POLAND";"males";"4";"2013";222192;"person";"";
0000000;"POLAND";"males";"4";"2014";213046;"person";"";
0000000;"POLAND";"males";"4";"2015";204044;"person";"";
0000000;"POLAND";"males";"4";"2016";200232;"person";"";
0000000;"POLAND";"males";"4";"2017";190125;"person";"";
0000000;"POLAND";"males";"4";"2018";193528;"person";"";
0000000;"POLAND";"males";"4";"2019";191753;"person";"";
0000000;"POLAND";"males";"4";"2020";202732;"person";"";
0000000;"POLAND";"males";"4";"2021";211228;"person";"";
0000000;"POLAND";"males";"4";"2022";202506;"person";"";
0000000;"POLAND";"males";"4";"2023";192990;"person";"";
0000000;"POLAND";"males";"5";"2013";221132;"person";"";
0000000;"POLAND";"males";"5";"2014";222072;"person";"";
0000000;"POLAND";"males";"5";"2015";212930;"person";"";
0000000;"POLAND";"males";"5";"2016";204120;"person";"";
0000000;"POLAND";"males";"5";"2017";200362;"person";"";
0000000;"POLAND";"males";"5";"2018";190324;"person";"";
0000000;"POLAND";"males";"5";"2019";193802;"person";"";
0000000;"POLAND";"males";"5";"2020";198693;"person";"";
0000000;"POLAND";"males";"5";"2021";203073;"person";"";
0000000;"POLAND";"males";"5";"2022";211552;"person";"";
0000000;"POLAND";"males";"5";"2023";202751;"person";"";
0000000;"POLAND";"males";"6";"2013";207188;"person";"";
0000000;"POLAND";"males";"6";"2014";220997;"person";"";
0000000;"POLAND";"males";"6";"2015";221929;"person";"";
0000000;"POLAND";"males";"6";"2016";212949;"person";"";
0000000;"POLAND";"males";"6";"2017";204188;"person";"";
0000000;"POLAND";"males";"6";"2018";200535;"person";"";
0000000;"POLAND";"males";"6";"2019";190556;"person";"";
0000000;"POLAND";"males";"6";"2020";200480;"person";"";
0000000;"POLAND";"males";"6";"2021";199001;"person";"";
0000000;"POLAND";"males";"6";"2022";203420;"person";"";
0000000;"POLAND";"males";"6";"2023";211875;"person";"";
0000000;"POLAND";"males";"7";"2013";196838;"person";"";
0000000;"POLAND";"males";"7";"2014";207027;"person";"";
0000000;"POLAND";"males";"7";"2015";220846;"person";"";
0000000;"POLAND";"males";"7";"2016";221944;"person";"";
0000000;"POLAND";"males";"7";"2017";212998;"person";"";
0000000;"POLAND";"males";"7";"2018";204276;"person";"";
0000000;"POLAND";"males";"7";"2019";200702;"person";"";
0000000;"POLAND";"males";"7";"2020";197055;"person";"";
0000000;"POLAND";"males";"7";"2021";200693;"person";"";
0000000;"POLAND";"males";"7";"2022";199339;"person";"";
0000000;"POLAND";"males";"7";"2023";203765;"person";"";
0000000;"POLAND";"males";"8";"2013";189285;"person";"";
0000000;"POLAND";"males";"8";"2014";196693;"person";"";
0000000;"POLAND";"males";"8";"2015";206878;"person";"";
0000000;"POLAND";"males";"8";"2016";220827;"person";"";
0000000;"POLAND";"males";"8";"2017";221953;"person";"";
0000000;"POLAND";"males";"8";"2018";213023;"person";"";
0000000;"POLAND";"males";"8";"2019";204356;"person";"";
0000000;"POLAND";"males";"8";"2020";207486;"person";"";
0000000;"POLAND";"males";"8";"2021";197189;"person";"";
0000000;"POLAND";"males";"8";"2022";200827;"person";"";
0000000;"POLAND";"males";"8";"2023";199531;"person";"";
0000000;"POLAND";"males";"9";"2013";183730;"person";"";
0000000;"POLAND";"males";"9";"2014";189136;"person";"";
0000000;"POLAND";"males";"9";"2015";196544;"person";"";
0000000;"POLAND";"males";"9";"2016";206830;"person";"";
0000000;"POLAND";"males";"9";"2017";220813;"person";"";
0000000;"POLAND";"males";"9";"2018";221987;"person";"";
0000000;"POLAND";"males";"9";"2019";213061;"person";"";
0000000;"POLAND";"males";"9";"2020";207433;"person";"";
0000000;"POLAND";"males";"9";"2021";207609;"person";"";
0000000;"POLAND";"males";"9";"2022";197267;"person";"";
0000000;"POLAND";"males";"9";"2023";200943;"person";"";
0000000;"POLAND";"males";"10";"2013";180082;"person";"";
0000000;"POLAND";"males";"10";"2014";183586;"person";"";
0000000;"POLAND";"males";"10";"2015";188994;"person";"";
0000000;"POLAND";"males";"10";"2016";196499;"person";"";
0000000;"POLAND";"males";"10";"2017";206811;"person";"";
0000000;"POLAND";"males";"10";"2018";220780;"person";"";
0000000;"POLAND";"males";"10";"2019";221991;"person";"";
0000000;"POLAND";"males";"10";"2020";219617;"person";"";
0000000;"POLAND";"males";"10";"2021";207466;"person";"";
0000000;"POLAND";"males";"10";"2022";207674;"person";"";
0000000;"POLAND";"males";"10";"2023";197379;"person";"";
0000000;"POLAND";"males";"11";"2013";182048;"person";"";
0000000;"POLAND";"males";"11";"2014";179939;"person";"";
0000000;"POLAND";"males";"11";"2015";183437;"person";"";
0000000;"POLAND";"males";"11";"2016";188951;"person";"";
0000000;"POLAND";"males";"11";"2017";196442;"person";"";
0000000;"POLAND";"males";"11";"2018";206802;"person";"";
0000000;"POLAND";"males";"11";"2019";220783;"person";"";
0000000;"POLAND";"males";"11";"2020";220944;"person";"";
0000000;"POLAND";"males";"11";"2021";219641;"person";"";
0000000;"POLAND";"males";"11";"2022";207503;"person";"";
0000000;"POLAND";"males";"11";"2023";207736;"person";"";
0000000;"POLAND";"males";"12";"2013";188294;"person";"";
0000000;"POLAND";"males";"12";"2014";181923;"person";"";
0000000;"POLAND";"males";"12";"2015";179804;"person";"";
0000000;"POLAND";"males";"12";"2016";183377;"person";"";
0000000;"POLAND";"males";"12";"2017";188907;"person";"";
0000000;"POLAND";"males";"12";"2018";196397;"person";"";
0000000;"POLAND";"males";"12";"2019";206789;"person";"";
0000000;"POLAND";"males";"12";"2020";217899;"person";"";
0000000;"POLAND";"males";"12";"2021";220930;"person";"";
0000000;"POLAND";"males";"12";"2022";219663;"person";"";
0000000;"POLAND";"males";"12";"2023";207561;"person";"";
0000000;"POLAND";"males";"13";"2013";193467;"person";"";
0000000;"POLAND";"males";"13";"2014";188132;"person";"";
0000000;"POLAND";"males";"13";"2015";181742;"person";"";
0000000;"POLAND";"males";"13";"2016";179760;"person";"";
0000000;"POLAND";"males";"13";"2017";183320;"person";"";
0000000;"POLAND";"males";"13";"2018";188860;"person";"";
0000000;"POLAND";"males";"13";"2019";196356;"person";"";
0000000;"POLAND";"males";"13";"2020";203391;"person";"";
0000000;"POLAND";"males";"13";"2021";217894;"person";"";
0000000;"POLAND";"males";"13";"2022";220939;"person";"";
0000000;"POLAND";"males";"13";"2023";219683;"person";"";
0000000;"POLAND";"males";"14";"2013";194927;"person";"";
0000000;"POLAND";"males";"14";"2014";193302;"person";"";
0000000;"POLAND";"males";"14";"2015";187978;"person";"";
0000000;"POLAND";"males";"14";"2016";181674;"person";"";
0000000;"POLAND";"males";"14";"2017";179719;"person";"";
0000000;"POLAND";"males";"14";"2018";183258;"person";"";
0000000;"POLAND";"males";"14";"2019";188834;"person";"";
0000000;"POLAND";"males";"14";"2020";192991;"person";"";
0000000;"POLAND";"males";"14";"2021";203373;"person";"";
0000000;"POLAND";"males";"14";"2022";217850;"person";"";
0000000;"POLAND";"males";"14";"2023";220936;"person";"";
0000000;"POLAND";"males";"15";"2013";201074;"person";"";
0000000;"POLAND";"males";"15";"2014";194774;"person";"";
0000000;"POLAND";"males";"15";"2015";193124;"person";"";
0000000;"POLAND";"males";"15";"2016";187907;"person";"";
0000000;"POLAND";"males";"15";"2017";181601;"person";"";
0000000;"POLAND";"males";"15";"2018";179648;"person";"";
0000000;"POLAND";"males";"15";"2019";183204;"person";"";
0000000;"POLAND";"males";"15";"2020";185555;"person";"";
0000000;"POLAND";"males";"15";"2021";192933;"person";"";
0000000;"POLAND";"males";"15";"2022";203317;"person";"";
0000000;"POLAND";"males";"15";"2023";217818;"person";"";
0000000;"POLAND";"males";"16";"2013";208909;"person";"";
0000000;"POLAND";"males";"16";"2014";200894;"person";"";
0000000;"POLAND";"males";"16";"2015";194590;"person";"";
0000000;"POLAND";"males";"16";"2016";193024;"person";"";
0000000;"POLAND";"males";"16";"2017";187810;"person";"";
0000000;"POLAND";"males";"16";"2018";181515;"person";"";
0000000;"POLAND";"males";"16";"2019";179565;"person";"";
0000000;"POLAND";"males";"16";"2020";179920;"person";"";
0000000;"POLAND";"males";"16";"2021";185465;"person";"";
0000000;"POLAND";"males";"16";"2022";192860;"person";"";
0000000;"POLAND";"males";"16";"2023";203261;"person";"";
0000000;"POLAND";"males";"17";"2013";217671;"person";"";
0000000;"POLAND";"males";"17";"2014";208684;"person";"";
0000000;"POLAND";"males";"17";"2015";200687;"person";"";
0000000;"POLAND";"males";"17";"2016";194465;"person";"";
0000000;"POLAND";"males";"17";"2017";192895;"person";"";
0000000;"POLAND";"males";"17";"2018";187690;"person";"";
0000000;"POLAND";"males";"17";"2019";181424;"person";"";
0000000;"POLAND";"males";"17";"2020";175973;"person";"";
0000000;"POLAND";"males";"17";"2021";179832;"person";"";
0000000;"POLAND";"males";"17";"2022";185357;"person";"";
0000000;"POLAND";"males";"17";"2023";192730;"person";"";
0000000;"POLAND";"males";"18";"2013";222811;"person";"";
0000000;"POLAND";"males";"18";"2014";217377;"person";"";
0000000;"POLAND";"males";"18";"2015";208417;"person";"";
0000000;"POLAND";"males";"18";"2016";200492;"person";"";
0000000;"POLAND";"males";"18";"2017";194286;"person";"";
0000000;"POLAND";"males";"18";"2018";192710;"person";"";
0000000;"POLAND";"males";"18";"2019";187543;"person";"";
0000000;"POLAND";"males";"18";"2020";178126;"person";"";
0000000;"POLAND";"males";"18";"2021";175839;"person";"";
0000000;"POLAND";"males";"18";"2022";179646;"person";"";
0000000;"POLAND";"males";"18";"2023";185224;"person";"";
0000000;"POLAND";"males";"19";"2013";236218;"person";"";
0000000;"POLAND";"males";"19";"2014";222154;"person";"";
0000000;"POLAND";"males";"19";"2015";216717;"person";"";
0000000;"POLAND";"males";"19";"2016";207929;"person";"";
0000000;"POLAND";"males";"19";"2017";199912;"person";"";
0000000;"POLAND";"males";"19";"2018";193705;"person";"";
0000000;"POLAND";"males";"19";"2019";192147;"person";"";
0000000;"POLAND";"males";"19";"2020";183781;"person";"";
0000000;"POLAND";"males";"19";"2021";177723;"person";"";
0000000;"POLAND";"males";"19";"2022";175242;"person";"";
0000000;"POLAND";"males";"19";"2023";179007;"person";"";
0000000;"POLAND";"males";"20";"2013";246613;"person";"";
0000000;"POLAND";"males";"20";"2014";235794;"person";"";
0000000;"POLAND";"males";"20";"2015";221773;"person";"";
0000000;"POLAND";"males";"20";"2016";216468;"person";"";
0000000;"POLAND";"males";"20";"2017";207662;"person";"";
0000000;"POLAND";"males";"20";"2018";199645;"person";"";
0000000;"POLAND";"males";"20";"2019";193486;"person";"";
0000000;"POLAND";"males";"20";"2020";188128;"person";"";
0000000;"POLAND";"males";"20";"2021";183509;"person";"";
0000000;"POLAND";"males";"20";"2022";177356;"person";"";
0000000;"POLAND";"males";"20";"2023";174968;"person";"";
0000000;"POLAND";"males";"21";"2013";255858;"person";"";
0000000;"POLAND";"males";"21";"2014";246208;"person";"";
0000000;"POLAND";"males";"21";"2015";235384;"person";"";
0000000;"POLAND";"males";"21";"2016";221525;"person";"";
0000000;"POLAND";"males";"21";"2017";216232;"person";"";
0000000;"POLAND";"males";"21";"2018";207411;"person";"";
0000000;"POLAND";"males";"21";"2019";199459;"person";"";
0000000;"POLAND";"males";"21";"2020";189715;"person";"";
0000000;"POLAND";"males";"21";"2021";187910;"person";"";
0000000;"POLAND";"males";"21";"2022";183162;"person";"";
0000000;"POLAND";"males";"21";"2023";177147;"person";"";
0000000;"POLAND";"males";"22";"2013";271700;"person";"";
0000000;"POLAND";"males";"22";"2014";255462;"person";"";
0000000;"POLAND";"males";"22";"2015";245837;"person";"";
0000000;"POLAND";"males";"22";"2016";235089;"person";"";
0000000;"POLAND";"males";"22";"2017";221256;"person";"";
0000000;"POLAND";"males";"22";"2018";216008;"person";"";
0000000;"POLAND";"males";"22";"2019";207225;"person";"";
0000000;"POLAND";"males";"22";"2020";195927;"person";"";
0000000;"POLAND";"males";"22";"2021";189509;"person";"";
0000000;"POLAND";"males";"22";"2022";187609;"person";"";
0000000;"POLAND";"males";"22";"2023";182962;"person";"";
0000000;"POLAND";"males";"23";"2013";277605;"person";"";
0000000;"POLAND";"males";"23";"2014";271333;"person";"";
0000000;"POLAND";"males";"23";"2015";255100;"person";"";
0000000;"POLAND";"males";"23";"2016";245568;"person";"";
0000000;"POLAND";"males";"23";"2017";234810;"person";"";
0000000;"POLAND";"males";"23";"2018";221018;"person";"";
0000000;"POLAND";"males";"23";"2019";215794;"person";"";
0000000;"POLAND";"males";"23";"2020";204049;"person";"";
0000000;"POLAND";"males";"23";"2021";195725;"person";"";
0000000;"POLAND";"males";"23";"2022";189222;"person";"";
0000000;"POLAND";"males";"23";"2023";187367;"person";"";
0000000;"POLAND";"males";"24";"2013";279889;"person";"";
0000000;"POLAND";"males";"24";"2014";277177;"person";"";
0000000;"POLAND";"males";"24";"2015";270938;"person";"";
0000000;"POLAND";"males";"24";"2016";254826;"person";"";
0000000;"POLAND";"males";"24";"2017";245311;"person";"";
0000000;"POLAND";"males";"24";"2018";234574;"person";"";
0000000;"POLAND";"males";"24";"2019";220801;"person";"";
0000000;"POLAND";"males";"24";"2020";212653;"person";"";
0000000;"POLAND";"males";"24";"2021";203832;"person";"";
0000000;"POLAND";"males";"24";"2022";195427;"person";"";
0000000;"POLAND";"males";"24";"2023";189002;"person";"";
0000000;"POLAND";"males";"25";"2013";287776;"person";"";
0000000;"POLAND";"males";"25";"2014";279493;"person";"";
0000000;"POLAND";"males";"25";"2015";276790;"person";"";
0000000;"POLAND";"males";"25";"2016";270634;"person";"";
0000000;"POLAND";"males";"25";"2017";254557;"person";"";
0000000;"POLAND";"males";"25";"2018";245044;"person";"";
0000000;"POLAND";"males";"25";"2019";234330;"person";"";
0000000;"POLAND";"males";"25";"2020";218036;"person";"";
0000000;"POLAND";"males";"25";"2021";212402;"person";"";
0000000;"POLAND";"males";"25";"2022";203526;"person";"";
0000000;"POLAND";"males";"25";"2023";195249;"person";"";
0000000;"POLAND";"males";"26";"2013";293754;"person";"";
0000000;"POLAND";"males";"26";"2014";287374;"person";"";
0000000;"POLAND";"males";"26";"2015";279057;"person";"";
0000000;"POLAND";"males";"26";"2016";276508;"person";"";
0000000;"POLAND";"males";"26";"2017";270309;"person";"";
0000000;"POLAND";"males";"26";"2018";254300;"person";"";
0000000;"POLAND";"males";"26";"2019";244793;"person";"";
0000000;"POLAND";"males";"26";"2020";231743;"person";"";
0000000;"POLAND";"males";"26";"2021";217810;"person";"";
0000000;"POLAND";"males";"26";"2022";212114;"person";"";
0000000;"POLAND";"males";"26";"2023";203339;"person";"";
0000000;"POLAND";"males";"27";"2013";305582;"person";"";
0000000;"POLAND";"males";"27";"2014";293285;"person";"";
0000000;"POLAND";"males";"27";"2015";286916;"person";"";
0000000;"POLAND";"males";"27";"2016";278744;"person";"";
0000000;"POLAND";"males";"27";"2017";276233;"person";"";
0000000;"POLAND";"males";"27";"2018";270026;"person";"";
0000000;"POLAND";"males";"27";"2019";254046;"person";"";
0000000;"POLAND";"males";"27";"2020";242500;"person";"";
0000000;"POLAND";"males";"27";"2021";231457;"person";"";
0000000;"POLAND";"males";"27";"2022";217512;"person";"";
0000000;"POLAND";"males";"27";"2023";211921;"person";"";
0000000;"POLAND";"males";"28";"2013";323505;"person";"";
0000000;"POLAND";"males";"28";"2014";305108;"person";"";
0000000;"POLAND";"males";"28";"2015";292843;"person";"";
0000000;"POLAND";"males";"28";"2016";286531;"person";"";
0000000;"POLAND";"males";"28";"2017";278404;"person";"";
0000000;"POLAND";"males";"28";"2018";275922;"person";"";
0000000;"POLAND";"males";"28";"2019";269745;"person";"";
0000000;"POLAND";"males";"28";"2020";252121;"person";"";
0000000;"POLAND";"males";"28";"2021";242214;"person";"";
0000000;"POLAND";"males";"28";"2022";231089;"person";"";
0000000;"POLAND";"males";"28";"2023";217314;"person";"";
0000000;"POLAND";"males";"29";"2013";334006;"person";"";
0000000;"POLAND";"males";"29";"2014";323022;"person";"";
0000000;"POLAND";"males";"29";"2015";304617;"person";"";
0000000;"POLAND";"males";"29";"2016";292531;"person";"";
0000000;"POLAND";"males";"29";"2017";286192;"person";"";
0000000;"POLAND";"males";"29";"2018";278093;"person";"";
0000000;"POLAND";"males";"29";"2019";275581;"person";"";
0000000;"POLAND";"males";"29";"2020";268268;"person";"";
0000000;"POLAND";"males";"29";"2021";251796;"person";"";
0000000;"POLAND";"males";"29";"2022";241811;"person";"";
0000000;"POLAND";"males";"29";"2023";230837;"person";"";
0000000;"POLAND";"females";"0";"2013";175235;"person";"";
0000000;"POLAND";"females";"0";"2014";178046;"person";"";
0000000;"POLAND";"females";"0";"2015";176138;"person";"";
0000000;"POLAND";"females";"0";"2016";182749;"person";"";
0000000;"POLAND";"females";"0";"2017";191919;"person";"";
0000000;"POLAND";"females";"0";"2018";184215;"person";"";
0000000;"POLAND";"females";"0";"2019";178434;"person";"";
0000000;"POLAND";"females";"0";"2020";167314;"person";"";
0000000;"POLAND";"females";"0";"2021";160107;"person";"";
0000000;"POLAND";"females";"0";"2022";145928;"person";"";
0000000;"POLAND";"females";"0";"2023";130448;"person";"";
0000000;"POLAND";"females";"1";"2013";188715;"person";"";
0000000;"POLAND";"females";"1";"2014";179611;"person";"";
0000000;"POLAND";"females";"1";"2015";181971;"person";"";
0000000;"POLAND";"females";"1";"2016";180426;"person";"";
0000000;"POLAND";"females";"1";"2017";186957;"person";"";
0000000;"POLAND";"females";"1";"2018";196303;"person";"";
0000000;"POLAND";"females";"1";"2019";188192;"person";"";
0000000;"POLAND";"females";"1";"2020";182034;"person";"";
0000000;"POLAND";"females";"1";"2021";170235;"person";"";
0000000;"POLAND";"females";"1";"2022";162672;"person";"";
0000000;"POLAND";"females";"1";"2023";148357;"person";"";
0000000;"POLAND";"females";"2";"2013";192607;"person";"";
0000000;"POLAND";"females";"2";"2014";188839;"person";"";
0000000;"POLAND";"females";"2";"2015";179727;"person";"";
0000000;"POLAND";"females";"2";"2016";182326;"person";"";
0000000;"POLAND";"females";"2";"2017";180794;"person";"";
0000000;"POLAND";"females";"2";"2018";187419;"person";"";
0000000;"POLAND";"females";"2";"2019";196786;"person";"";
0000000;"POLAND";"females";"2";"2020";190418;"person";"";
0000000;"POLAND";"females";"2";"2021";182304;"person";"";
0000000;"POLAND";"females";"2";"2022";170423;"person";"";
0000000;"POLAND";"females";"2";"2023";162857;"person";"";
0000000;"POLAND";"females";"3";"2013";201554;"person";"";
0000000;"POLAND";"females";"3";"2014";192600;"person";"";
0000000;"POLAND";"females";"3";"2015";188843;"person";"";
0000000;"POLAND";"females";"3";"2016";179977;"person";"";
0000000;"POLAND";"females";"3";"2017";182643;"person";"";
0000000;"POLAND";"females";"3";"2018";181179;"person";"";
0000000;"POLAND";"females";"3";"2019";187948;"person";"";
0000000;"POLAND";"females";"3";"2020";199905;"person";"";
0000000;"POLAND";"females";"3";"2021";190719;"person";"";
0000000;"POLAND";"females";"3";"2022";182557;"person";"";
0000000;"POLAND";"females";"3";"2023";170651;"person";"";
0000000;"POLAND";"females";"4";"2013";211687;"person";"";
0000000;"POLAND";"females";"4";"2014";201490;"person";"";
0000000;"POLAND";"females";"4";"2015";192546;"person";"";
0000000;"POLAND";"females";"4";"2016";189021;"person";"";
0000000;"POLAND";"females";"4";"2017";180160;"person";"";
0000000;"POLAND";"females";"4";"2018";182871;"person";"";
0000000;"POLAND";"females";"4";"2019";181555;"person";"";
0000000;"POLAND";"females";"4";"2020";192161;"person";"";
0000000;"POLAND";"females";"4";"2021";200269;"person";"";
0000000;"POLAND";"females";"4";"2022";190994;"person";"";
0000000;"POLAND";"females";"4";"2023";182770;"person";"";
0000000;"POLAND";"females";"5";"2013";210743;"person";"";
0000000;"POLAND";"females";"5";"2014";211566;"person";"";
0000000;"POLAND";"females";"5";"2015";201367;"person";"";
0000000;"POLAND";"females";"5";"2016";192646;"person";"";
0000000;"POLAND";"females";"5";"2017";189170;"person";"";
0000000;"POLAND";"females";"5";"2018";180328;"person";"";
0000000;"POLAND";"females";"5";"2019";183148;"person";"";
0000000;"POLAND";"females";"5";"2020";188125;"person";"";
0000000;"POLAND";"females";"5";"2021";192476;"person";"";
0000000;"POLAND";"females";"5";"2022";200562;"person";"";
0000000;"POLAND";"females";"5";"2023";191232;"person";"";
0000000;"POLAND";"females";"6";"2013";196853;"person";"";
0000000;"POLAND";"females";"6";"2014";210594;"person";"";
0000000;"POLAND";"females";"6";"2015";211432;"person";"";
0000000;"POLAND";"females";"6";"2016";201413;"person";"";
0000000;"POLAND";"females";"6";"2017";192733;"person";"";
0000000;"POLAND";"females";"6";"2018";189349;"person";"";
0000000;"POLAND";"females";"6";"2019";180514;"person";"";
0000000;"POLAND";"females";"6";"2020";190001;"person";"";
0000000;"POLAND";"females";"6";"2021";188479;"person";"";
0000000;"POLAND";"females";"6";"2022";192798;"person";"";
0000000;"POLAND";"females";"6";"2023";200880;"person";"";
0000000;"POLAND";"females";"7";"2013";186779;"person";"";
0000000;"POLAND";"females";"7";"2014";196728;"person";"";
0000000;"POLAND";"females";"7";"2015";210463;"person";"";
0000000;"POLAND";"females";"7";"2016";211454;"person";"";
0000000;"POLAND";"females";"7";"2017";201473;"person";"";
0000000;"POLAND";"females";"7";"2018";192840;"person";"";
0000000;"POLAND";"females";"7";"2019";189520;"person";"";
0000000;"POLAND";"females";"7";"2020";186891;"person";"";
0000000;"POLAND";"females";"7";"2021";190220;"person";"";
0000000;"POLAND";"females";"7";"2022";188771;"person";"";
0000000;"POLAND";"females";"7";"2023";193121;"person";"";
0000000;"POLAND";"females";"8";"2013";180069;"person";"";
0000000;"POLAND";"females";"8";"2014";186670;"person";"";
0000000;"POLAND";"females";"8";"2015";196617;"person";"";
0000000;"POLAND";"females";"8";"2016";210450;"person";"";
0000000;"POLAND";"females";"8";"2017";211475;"person";"";
0000000;"POLAND";"females";"8";"2018";201509;"person";"";
0000000;"POLAND";"females";"8";"2019";192935;"person";"";
0000000;"POLAND";"females";"8";"2020";196015;"person";"";
0000000;"POLAND";"females";"8";"2021";187005;"person";"";
0000000;"POLAND";"females";"8";"2022";190398;"person";"";
0000000;"POLAND";"females";"8";"2023";188937;"person";"";
0000000;"POLAND";"females";"9";"2013";173854;"person";"";
0000000;"POLAND";"females";"9";"2014";179950;"person";"";
0000000;"POLAND";"females";"9";"2015";186544;"person";"";
0000000;"POLAND";"females";"9";"2016";196603;"person";"";
0000000;"POLAND";"females";"9";"2017";210445;"person";"";
0000000;"POLAND";"females";"9";"2018";211519;"person";"";
0000000;"POLAND";"females";"9";"2019";201552;"person";"";
0000000;"POLAND";"females";"9";"2020";195923;"person";"";
0000000;"POLAND";"females";"9";"2021";196118;"person";"";
0000000;"POLAND";"females";"9";"2022";187114;"person";"";
0000000;"POLAND";"females";"9";"2023";190537;"person";"";
0000000;"POLAND";"females";"10";"2013";171210;"person";"";
0000000;"POLAND";"females";"10";"2014";173748;"person";"";
0000000;"POLAND";"females";"10";"2015";179840;"person";"";
0000000;"POLAND";"females";"10";"2016";186514;"person";"";
0000000;"POLAND";"females";"10";"2017";196580;"person";"";
0000000;"POLAND";"females";"10";"2018";210449;"person";"";
0000000;"POLAND";"females";"10";"2019";211540;"person";"";
0000000;"POLAND";"females";"10";"2020";207643;"person";"";
0000000;"POLAND";"females";"10";"2021";195994;"person";"";
0000000;"POLAND";"females";"10";"2022";196201;"person";"";
0000000;"POLAND";"females";"10";"2023";187201;"person";"";
0000000;"POLAND";"females";"11";"2013";172694;"person";"";
0000000;"POLAND";"females";"11";"2014";171060;"person";"";
0000000;"POLAND";"females";"11";"2015";173603;"person";"";
0000000;"POLAND";"females";"11";"2016";179813;"person";"";
0000000;"POLAND";"females";"11";"2017";186505;"person";"";
0000000;"POLAND";"females";"11";"2018";196558;"person";"";
0000000;"POLAND";"females";"11";"2019";210451;"person";"";
0000000;"POLAND";"females";"11";"2020";210524;"person";"";
0000000;"POLAND";"females";"11";"2021";207670;"person";"";
0000000;"POLAND";"females";"11";"2022";196016;"person";"";
0000000;"POLAND";"females";"11";"2023";196262;"person";"";
0000000;"POLAND";"females";"12";"2013";178906;"person";"";
0000000;"POLAND";"females";"12";"2014";172556;"person";"";
0000000;"POLAND";"females";"12";"2015";170928;"person";"";
0000000;"POLAND";"females";"12";"2016";173579;"person";"";
0000000;"POLAND";"females";"12";"2017";179776;"person";"";
0000000;"POLAND";"females";"12";"2018";186461;"person";"";
0000000;"POLAND";"females";"12";"2019";196564;"person";"";
0000000;"POLAND";"females";"12";"2020";207742;"person";"";
0000000;"POLAND";"females";"12";"2021";210569;"person";"";
0000000;"POLAND";"females";"12";"2022";207696;"person";"";
0000000;"POLAND";"females";"12";"2023";196054;"person";"";
0000000;"POLAND";"females";"13";"2013";183792;"person";"";
0000000;"POLAND";"females";"13";"2014";178756;"person";"";
0000000;"POLAND";"females";"13";"2015";172402;"person";"";
0000000;"POLAND";"females";"13";"2016";170892;"person";"";
0000000;"POLAND";"females";"13";"2017";173561;"person";"";
0000000;"POLAND";"females";"13";"2018";179735;"person";"";
0000000;"POLAND";"females";"13";"2019";186459;"person";"";
0000000;"POLAND";"females";"13";"2020";193509;"person";"";
0000000;"POLAND";"females";"13";"2021";207723;"person";"";
0000000;"POLAND";"females";"13";"2022";210537;"person";"";
0000000;"POLAND";"females";"13";"2023";207713;"person";"";
0000000;"POLAND";"females";"14";"2013";185439;"person";"";
0000000;"POLAND";"females";"14";"2014";183639;"person";"";
0000000;"POLAND";"females";"14";"2015";178611;"person";"";
0000000;"POLAND";"females";"14";"2016";172346;"person";"";
0000000;"POLAND";"females";"14";"2017";170837;"person";"";
0000000;"POLAND";"females";"14";"2018";173518;"person";"";
0000000;"POLAND";"females";"14";"2019";179710;"person";"";
0000000;"POLAND";"females";"14";"2020";183392;"person";"";
0000000;"POLAND";"females";"14";"2021";193475;"person";"";
0000000;"POLAND";"females";"14";"2022";207705;"person";"";
0000000;"POLAND";"females";"14";"2023";210543;"person";"";
0000000;"POLAND";"females";"15";"2013";190407;"person";"";
0000000;"POLAND";"females";"15";"2014";185303;"person";"";
0000000;"POLAND";"females";"15";"2015";183494;"person";"";
0000000;"POLAND";"females";"15";"2016";178566;"person";"";
0000000;"POLAND";"females";"15";"2017";172274;"person";"";
0000000;"POLAND";"females";"15";"2018";170793;"person";"";
0000000;"POLAND";"females";"15";"2019";173487;"person";"";
0000000;"POLAND";"females";"15";"2020";176523;"person";"";
0000000;"POLAND";"females";"15";"2021";183372;"person";"";
0000000;"POLAND";"females";"15";"2022";193449;"person";"";
0000000;"POLAND";"females";"15";"2023";207693;"person";"";
0000000;"POLAND";"females";"16";"2013";199048;"person";"";
0000000;"POLAND";"females";"16";"2014";190279;"person";"";
0000000;"POLAND";"females";"16";"2015";185177;"person";"";
0000000;"POLAND";"females";"16";"2016";183424;"person";"";
0000000;"POLAND";"females";"16";"2017";178498;"person";"";
0000000;"POLAND";"females";"16";"2018";172223;"person";"";
0000000;"POLAND";"females";"16";"2019";170759;"person";"";
0000000;"POLAND";"females";"16";"2020";170293;"person";"";
0000000;"POLAND";"females";"16";"2021";176495;"person";"";
0000000;"POLAND";"females";"16";"2022";183348;"person";"";
0000000;"POLAND";"females";"16";"2023";193430;"person";"";
0000000;"POLAND";"females";"17";"2013";206827;"person";"";
0000000;"POLAND";"females";"17";"2014";198911;"person";"";
0000000;"POLAND";"females";"17";"2015";190159;"person";"";
0000000;"POLAND";"females";"17";"2016";185128;"person";"";
0000000;"POLAND";"females";"17";"2017";183355;"person";"";
0000000;"POLAND";"females";"17";"2018";178412;"person";"";
0000000;"POLAND";"females";"17";"2019";172180;"person";"";
0000000;"POLAND";"females";"17";"2020";167624;"person";"";
0000000;"POLAND";"females";"17";"2021";170262;"person";"";
0000000;"POLAND";"females";"17";"2022";176451;"person";"";
0000000;"POLAND";"females";"17";"2023";183321;"person";"";
0000000;"POLAND";"females";"18";"2013";213558;"person";"";
0000000;"POLAND";"females";"18";"2014";206693;"person";"";
0000000;"POLAND";"females";"18";"2015";198789;"person";"";
0000000;"POLAND";"females";"18";"2016";190110;"person";"";
0000000;"POLAND";"females";"18";"2017";185058;"person";"";
0000000;"POLAND";"females";"18";"2018";183305;"person";"";
0000000;"POLAND";"females";"18";"2019";178368;"person";"";
0000000;"POLAND";"females";"18";"2020";169455;"person";"";
0000000;"POLAND";"females";"18";"2021";167569;"person";"";
0000000;"POLAND";"females";"18";"2022";170211;"person";"";
0000000;"POLAND";"females";"18";"2023";176444;"person";"";
0000000;"POLAND";"females";"19";"2013";227786;"person";"";
0000000;"POLAND";"females";"19";"2014";213428;"person";"";
0000000;"POLAND";"females";"19";"2015";206562;"person";"";
0000000;"POLAND";"females";"19";"2016";198721;"person";"";
0000000;"POLAND";"females";"19";"2017";190047;"person";"";
0000000;"POLAND";"females";"19";"2018";184992;"person";"";
0000000;"POLAND";"females";"19";"2019";183243;"person";"";
0000000;"POLAND";"females";"19";"2020";175683;"person";"";
0000000;"POLAND";"females";"19";"2021";169405;"person";"";
0000000;"POLAND";"females";"19";"2022";167529;"person";"";
0000000;"POLAND";"females";"19";"2023";170168;"person";"";
0000000;"POLAND";"females";"20";"2013";236455;"person";"";
0000000;"POLAND";"females";"20";"2014";227623;"person";"";
0000000;"POLAND";"females";"20";"2015";213276;"person";"";
0000000;"POLAND";"females";"20";"2016";206489;"person";"";
0000000;"POLAND";"females";"20";"2017";198641;"person";"";
0000000;"POLAND";"females";"20";"2018";189947;"person";"";
0000000;"POLAND";"females";"20";"2019";184943;"person";"";
0000000;"POLAND";"females";"20";"2020";180812;"person";"";
0000000;"POLAND";"females";"20";"2021";175613;"person";"";
0000000;"POLAND";"females";"20";"2022";169347;"person";"";
0000000;"POLAND";"females";"20";"2023";167484;"person";"";
0000000;"POLAND";"females";"21";"2013";245824;"person";"";
0000000;"POLAND";"females";"21";"2014";236276;"person";"";
0000000;"POLAND";"females";"21";"2015";227455;"person";"";
0000000;"POLAND";"females";"21";"2016";213204;"person";"";
0000000;"POLAND";"females";"21";"2017";206424;"person";"";
0000000;"POLAND";"females";"21";"2018";198572;"person";"";
0000000;"POLAND";"females";"21";"2019";189896;"person";"";
0000000;"POLAND";"females";"21";"2020";182570;"person";"";
0000000;"POLAND";"females";"21";"2021";180748;"person";"";
0000000;"POLAND";"females";"21";"2022";175543;"person";"";
0000000;"POLAND";"females";"21";"2023";169301;"person";"";
0000000;"POLAND";"females";"22";"2013";260252;"person";"";
0000000;"POLAND";"females";"22";"2014";245672;"person";"";
0000000;"POLAND";"females";"22";"2015";236115;"person";"";
0000000;"POLAND";"females";"22";"2016";227390;"person";"";
0000000;"POLAND";"females";"22";"2017";213139;"person";"";
0000000;"POLAND";"females";"22";"2018";206346;"person";"";
0000000;"POLAND";"females";"22";"2019";198513;"person";"";
0000000;"POLAND";"females";"22";"2020";187786;"person";"";
0000000;"POLAND";"females";"22";"2021";182506;"person";"";
0000000;"POLAND";"females";"22";"2022";180686;"person";"";
0000000;"POLAND";"females";"22";"2023";175479;"person";"";
0000000;"POLAND";"females";"23";"2013";266883;"person";"";
0000000;"POLAND";"females";"23";"2014";260086;"person";"";
0000000;"POLAND";"females";"23";"2015";245521;"person";"";
0000000;"POLAND";"females";"23";"2016";236026;"person";"";
0000000;"POLAND";"females";"23";"2017";227323;"person";"";
0000000;"POLAND";"females";"23";"2018";213095;"person";"";
0000000;"POLAND";"females";"23";"2019";206305;"person";"";
0000000;"POLAND";"females";"23";"2020";196471;"person";"";
0000000;"POLAND";"females";"23";"2021";187715;"person";"";
0000000;"POLAND";"females";"23";"2022";182410;"person";"";
0000000;"POLAND";"females";"23";"2023";180643;"person";"";
0000000;"POLAND";"females";"24";"2013";269363;"person";"";
0000000;"POLAND";"females";"24";"2014";266677;"person";"";
0000000;"POLAND";"females";"24";"2015";259884;"person";"";
0000000;"POLAND";"females";"24";"2016";245416;"person";"";
0000000;"POLAND";"females";"24";"2017";235932;"person";"";
0000000;"POLAND";"females";"24";"2018";227261;"person";"";
0000000;"POLAND";"females";"24";"2019";213047;"person";"";
0000000;"POLAND";"females";"24";"2020";204318;"person";"";
0000000;"POLAND";"females";"24";"2021";196394;"person";"";
0000000;"POLAND";"females";"24";"2022";187669;"person";"";
0000000;"POLAND";"females";"24";"2023";182378;"person";"";
0000000;"POLAND";"females";"25";"2013";278598;"person";"";
0000000;"POLAND";"females";"25";"2014";269108;"person";"";
0000000;"POLAND";"females";"25";"2015";266424;"person";"";
0000000;"POLAND";"females";"25";"2016";259791;"person";"";
0000000;"POLAND";"females";"25";"2017";245338;"person";"";
0000000;"POLAND";"females";"25";"2018";235860;"person";"";
0000000;"POLAND";"females";"25";"2019";227197;"person";"";
0000000;"POLAND";"females";"25";"2020";211256;"person";"";
0000000;"POLAND";"females";"25";"2021";204259;"person";"";
0000000;"POLAND";"females";"25";"2022";196323;"person";"";
0000000;"POLAND";"females";"25";"2023";187620;"person";"";
0000000;"POLAND";"females";"26";"2013";283353;"person";"";
0000000;"POLAND";"females";"26";"2014";278346;"person";"";
0000000;"POLAND";"females";"26";"2015";268887;"person";"";
0000000;"POLAND";"females";"26";"2016";266327;"person";"";
0000000;"POLAND";"females";"26";"2017";259692;"person";"";
0000000;"POLAND";"females";"26";"2018";245294;"person";"";
0000000;"POLAND";"females";"26";"2019";235786;"person";"";
0000000;"POLAND";"females";"26";"2020";225296;"person";"";
0000000;"POLAND";"females";"26";"2021";211196;"person";"";
0000000;"POLAND";"females";"26";"2022";204221;"person";"";
0000000;"POLAND";"females";"26";"2023";196301;"person";"";
0000000;"POLAND";"females";"27";"2013";296926;"person";"";
0000000;"POLAND";"females";"27";"2014";283065;"person";"";
0000000;"POLAND";"females";"27";"2015";278062;"person";"";
0000000;"POLAND";"females";"27";"2016";268770;"person";"";
0000000;"POLAND";"females";"27";"2017";266230;"person";"";
0000000;"POLAND";"females";"27";"2018";259623;"person";"";
0000000;"POLAND";"females";"27";"2019";245242;"person";"";
0000000;"POLAND";"females";"27";"2020";234093;"person";"";
0000000;"POLAND";"females";"27";"2021";225206;"person";"";
0000000;"POLAND";"females";"27";"2022";211173;"person";"";
0000000;"POLAND";"females";"27";"2023";204220;"person";"";
0000000;"POLAND";"females";"28";"2013";314121;"person";"";
0000000;"POLAND";"females";"28";"2014";296554;"person";"";
0000000;"POLAND";"females";"28";"2015";282708;"person";"";
0000000;"POLAND";"females";"28";"2016";277964;"person";"";
0000000;"POLAND";"females";"28";"2017";268652;"person";"";
0000000;"POLAND";"females";"28";"2018";266102;"person";"";
0000000;"POLAND";"females";"28";"2019";259554;"person";"";
0000000;"POLAND";"females";"28";"2020";243773;"person";"";
0000000;"POLAND";"females";"28";"2021";234020;"person";"";
0000000;"POLAND";"females";"28";"2022";225110;"person";"";
0000000;"POLAND";"females";"28";"2023";211160;"person";"";
0000000;"POLAND";"females";"29";"2013";323697;"person";"";
0000000;"POLAND";"females";"29";"2014";313714;"person";"";
0000000;"POLAND";"females";"29";"2015";296159;"person";"";
0000000;"POLAND";"females";"29";"2016";282548;"person";"";
0000000;"POLAND";"females";"29";"2017";277807;"person";"";
0000000;"POLAND";"females";"29";"2018";268554;"person";"";
0000000;"POLAND";"females";"29";"2019";265998;"person";"";
0000000;"POLAND";"females";"29";"2020";258160;"person";"";
0000000;"POLAND";"females";"29";"2021";243672;"person";"";
0000000;"POLAND";"females";"29";"2022";233988;"person";"";
0000000;"POLAND";"females";"29";"2023";225090;"person";"";
